column_0,2008_SW,2008_SW_ct,2008_no_SW,2008_no_SW_ct,2009_SW,2009_SW_ct,2009_no_SW,2009_no_SW_ct,2010_SW,2010_SW_ct,2010_no_SW,2010_no_SW_ct,2011_SW,2011_SW_ct,2011_no_SW,2011_no_SW_ct,2012_SW,2012_SW_ct,2012_no_SW,2012_no_SW_ct,2013_SW,2013_SW_ct,2013_no_SW,2013_no_SW_ct,2014_SW,2014_SW_ct,2014_no_SW,2014_no_SW_ct,2015_SW,2015_SW_ct,2015_no_SW,2015_no_SW_ct,2016_SW,2016_SW_ct,2016_no_SW,2016_no_SW_ct,2017_SW,2017_SW_ct,2017_no_SW,2017_no_SW_ct,2018_SW,2018_SW_ct,2018_no_SW,2018_no_SW_ct,2019_SW,2019_SW_ct,2019_no_SW,2019_no_SW_ct,2020_SW,2020_SW_ct,2020_no_SW,2020_no_SW_ct
1,the,187153,place,17660,the,231202,place,19779,the,301744,place,24457,the,303251,place,23156,the,294701,place,22156,the,275893,place,20627,the,251198,food,19429,the,234400,food,18820,the,219921,food,18541,the,212351,food,18168,the,209554,food,18264,the,207912,food,17836,the,203279,food,15614
2,and,133505,like,16359,and,163756,like,18270,and,212747,like,24261,and,216635,like,23062,and,216508,like,21610,and,206369,food,20186,and,193510,place,19106,and,184032,place,17715,and,177323,place,16439,and,174251,place,16316,and,172836,place,15621,and,175213,get,15237,and,176068,get,15482
3,a,120717,get,13298,a,142154,food,15995,a,181717,food,21502,a,180042,food,21430,a,175200,food,20829,a,163889,like,19641,I,151102,like,17657,to,142515,get,16306,to,136033,would,15357,to,133011,get,15182,to,133000,get,14983,to,132747,place,15008,to,139739,would,15169
4,,104949,good,12678,,127398,good,15308,I,169386,get,19819,I,174657,get,20014,I,171954,get,19511,I,163582,get,18816,to,150827,would,17367,I,142222,would,16125,I,133854,get,15343,I,128727,would,14889,I,125763,would,14647,I,126942,would,14520,I,134963,place,13167
5,to,100081,one,12218,to,123934,get,14833,to,167355,good,18644,to,171737,would,18719,to,170895,would,19278,to,163556,would,18477,a,147365,get,17128,a,136268,like,16039,a,126689,like,14789,a,121678,like,13982,a,118456,like,13401,a,117801,like,13718,a,115791,like,12752
6,I,97524,food,11832,I,122842,one,14209,,156060,one,17832,,151043,good,17918,,151765,one,17343,,129564,one,16276,was,111665,one,14892,was,106617,one,14019,was,101504,one,13356,was,100808,one,12897,was,100140,one,12450,was,99965,one,12366,was,94451,time,12460
7,of,76248,really,11084,of,87810,really,12157,was,119394,would,17641,was,123215,one,17888,was,124210,good,16778,was,118491,good,15632,,101565,good,14508,,86935,good,13607,,76713,good,12511,,70687,time,12308,of,66187,time,11960,of,65520,time,12354,,65394,one,12017
8,is,61021,go,10160,was,84823,would,12142,of,110934,really,15752,of,108457,go,14955,of,103129,go,14260,of,94976,go,13359,of,83584,time,13143,of,76831,time,12521,of,71721,time,12417,of,68123,good,12147,,65892,good,11692,,64162,back,11700,of,64664,back,11487
9,was,56142,-,9943,is,64943,-,12023,is,78006,go,15106,for,77447,really,14865,for,75891,time,13745,for,72620,time,13272,for,66872,go,12170,for,63001,back,11806,for,60424,back,11403,for,59047,back,11309,for,57942,back,11240,for,58152,good,11309,for,57482,go,10370
10,in,52087,great,9410,in,60477,go,11576,for,76754,-,14920,is,76182,time,13321,in,73501,really,13642,is,69012,back,12552,is,63503,back,11954,is,58883,go,11560,in,55227,service,11086,in,53060,service,10993,in,52058,service,11034,in,51947,service,10983,in,53254,good,10322
11,for,47433,would,8777,for,57728,great,10061,in,76493,time,12997,in,75483,-,13304,is,73137,back,12620,in,68846,really,12486,in,62419,service,11336,in,57878,service,11336,is,54865,go,10963,is,52956,go,10514,is,51007,go,10150,is,50496,go,10301,is,49920,got,10195
12,that,39676,also,7675,that,48062,time,9317,it,64259,back,11860,that,64375,back,12511,it,62948,-,12370,it,58348,service,11325,it,53416,really,11151,it,49186,great,10352,it,47024,great,9945,it,45547,great,9726,it,43815,got,9759,it,44609,got,10036,my,47499,service,9994
13,it,37762,time,7472,it,47637,back,8375,that,63559,great,11556,it,64222,got,11539,that,62911,great,11856,that,57624,great,11150,that,51680,great,10867,that,47034,really,10198,my,43708,got,9680,my,42555,got,9584,my,42560,us,9758,my,44239,us,9810,it,43075,order,9466
14,you,34038,I'm,7105,with,42359,also,7968,but,53216,got,11259,with,53340,great,11526,with,52081,got,11275,my,50189,got,10882,my,47455,got,10565,my,45543,got,9979,that,42949,us,9651,that,41162,us,9450,that,40645,great,9635,that,40391,great,9533,that,41369,even,9379
15,with,33389,little,7096,but,40718,got,7963,with,53071,even,10878,my,52471,even,11250,my,51759,service,11174,with,48754,us,10735,The,45019,us,10290,The,42953,even,9688,The,40249,even,9327,The,39565,even,9140,The,38635,even,8916,with,37813,even,9241,with,38463,great,8879
16,but,32708,pretty,6586,The,36750,I'm,7892,my,49114,I'm,10340,but,51468,service,10597,but,48821,even,11028,The,46668,-,10704,with,44301,even,10089,with,41955,us,9663,with,39824,really,8881,with,38408,really,8579,with,37580,really,8016,The,37690,told,8080,they,37933,us,8784
17,on,29212,I've,6531,my,35935,I've,7734,The,47945,service,10218,The,49062,us,10387,The,48532,us,10974,but,45810,even,10627,but,40995,could,8555,but,38020,ordered,8328,on,35454,ordered,8014,on,34142,ordered,8018,on,33686,ordered,7748,they,34319,really,8050,The,34044,told,8661
18,have,28238,even,6300,on,35761,little,7727,on,47096,us,10070,on,47880,I'm,9790,on,46934,could,9972,on,44231,could,9330,on,39658,ordered,8433,on,37318,could,8225,but,34638,never,7903,but,33619,came,7690,they,33170,told,7707,on,33955,said,7930,on,33783,said,8547
19,The,28159,back,6250,you,35551,even,7699,have,43028,also,9615,have,43323,could,9665,have,42423,ordered,9350,have,40000,ordered,8790,they,37559,never,8419,they,35698,never,8122,they,34072,came,7728,they,33510,never,7646,but,33024,came,7634,but,32351,came,7814,this,33127,never,7976
20,my,27317,always,5968,have,32685,service,7153,you,42538,I've,9511,you,41612,also,9577,not,41993,also,9339,not,39602,also,8718,have,36761,-,8133,not,34907,came,7878,not,32820,could,7601,not,32663,told,7525,not,32241,said,7634,not,32181,ordered,7788,not,32680,ordered,7806
21,are,24297,got,5872,this,29437,pretty,7037,not,40582,could,9277,not,41599,ordered,9241,they,40338,I'm,8832,they,38781,never,8655,not,36611,came,8052,have,34017,also,7530,this,32172,said,7369,this,31815,said,7488,this,31406,never,7577,this,31902,never,7727,have,32125,could,7480
22,this,23511,much,5693,not,28155,much,6818,this,39908,little,9184,this,40324,I've,9213,had,39997,never,8819,this,38148,I'm,8432,had,35316,also,8044,this,33402,told,7479,have,32116,told,7304,had,31356,order,7455,we,30742,could,7523,we,31416,could,7395,but,30463,really,7345
23,they,21890,people,5555,had,27526,could,6517,had,38547,ordered,9027,had,39794,never,8770,this,39959,came,8502,had,38085,came,8320,this,35021,I'm,7769,had,33347,order,7413,had,31681,order,7159,were,30887,could,7441,were,30634,order,7426,were,30737,order,7282,had,29162,I'm,7202
24,at,21314,best,5381,they,26960,us,6474,they,37726,much,8708,they,39338,little,8744,you,39145,went,8415,were,36880,went,8144,were,34409,told,7419,were,32896,-,7396,were,31373,I'm,7053,have,30808,also,6815,had,30585,I'm,6757,have,30524,also,7029,we,28519,also,7066
25,not,20501,think,5335,at,26741,ordered,6215,were,37226,pretty,8479,were,38551,went,8588,were,38747,I've,8318,you,36048,I've,7659,we,33403,I've,7339,we,32055,said,7296,we,30813,also,6934,we,30584,I'm,6747,have,30194,also,6664,had,30464,I'm,6919,were,28212,came,6857
26,had,19397,nice,5179,were,26043,people,6101,at,35288,went,8334,at,36178,much,8550,we,36979,little,8098,we,35764,told,7442,you,31900,said,7325,you,29398,I'm,7146,you,27520,went,6584,at,26143,went,6430,you,25776,went,6341,at,25697,asked,6415,you,26520,went,6314
27,null,18662,love,5059,are,25867,think,5946,we,34486,people,7989,we,35890,came,8109,at,35313,much,7915,at,33048,little,7432,at,29855,went,7309,at,28566,went,6775,at,26708,I've,6502,you,26024,I've,6272,at,25659,asked,6194,you,25582,went,6316,at,24736,I've,6297
28,place,17660,know,4988,we,23761,went,5931,are,32154,never,7978,are,31075,pretty,8026,are,29944,going,7650,be,28732,said,7279,be,26874,order,7105,be,25416,I've,6733,be,24332,-,6418,be,23786,asked,6142,be,23582,come,6023,be,23485,I've,6270,be,24243,asked,6236
29,as,17632,could,4915,be,21515,never,5894,be,29248,going,7786,be,29918,people,7861,be,29868,people,7489,are,28559,going,7202,are,26210,little,6499,are,24410,asked,6331,are,22457,come,6060,are,21441,-,6083,so,21456,I've,6008,so,21691,come,6035,are,22149,going,5928
30,so,17390,service,4830,as,21226,best,5892,so,27212,think,7743,so,27494,it.,7625,so,26928,make,7325,so,25464,order,7147,so,23792,going,6454,so,22645,it.,6169,so,22068,asked,6023,so,21435,come,5961,are,20794,staff,5710,are,20883,going,5692,so,21965,people,5839
31,be,17109,never,4814,so,20284,always,5812,as,26128,came,7680,as,25901,going,7567,as,25730,told,7305,as,23728,much,7136,as,21519,make,6453,as,19795,people,6068,me,19010,it.,5821,me,18557,it.,5672,me,18523,first,5552,me,19137,it.,5630,me,21820,come,5766
32,were,16528,make,4798,place,19779,nice,5808,place,24457,know,7478,place,23156,make,7264,me,22316,order,7272,me,21859,it.,7038,me,20420,people,6420,me,19605,come,6054,as,18733,going,5801,food,18168,staff,5611,our,18371,it.,5487,our,18380,first,5475,as,17941,make,5556
33,like,16359,it.,4484,like,18270,make,5564,like,24261,nice,7413,like,23062,know,7201,place,22156,it.,7209,place,20627,make,6978,food,19429,it.,6379,food,18820,going,5932,food,18541,people,5728,as,17807,going,5550,food,18264,going,5417,food,17836,staff,5458,our,16622,made,5550
34,we,15069,going,4393,just,16560,it.,5529,just,22865,it.,7312,just,22350,think,7128,like,21610,said,7169,food,20186,people,6923,our,19112,asked,6357,our,18449,staff,5863,our,17992,make,5679,our,17803,first,5496,as,17521,made,5324,as,17550,people,5373,We,16323,staff,5484
35,just,14254,find,4344,food,15995,know,5446,food,21502,make,7248,me,22022,two,7097,just,21352,two,7026,our,19715,know,6678,place,19106,much,6252,very,17735,first,5834,very,16858,staff,5640,We,16745,people,5439,We,17297,-,5315,We,17350,make,5352,out,16055,take,5380
36,or,14116,went,4336,or,15327,came,5446,or,20106,two,7029,food,21430,nice,7079,food,20829,know,6981,just,19680,two,6641,very,18213,come,6178,place,17715,little,5803,We,16558,made,5525,place,16316,make,5431,very,15900,make,5304,out,15745,made,5287,food,15614,first,5373
37,get,13298,want,4313,good,15308,going,5303,out,20078,always,6890,out,20663,order,7058,our,20526,first,6845,like,19641,asked,6488,just,17945,first,6123,out,16562,two,5781,place,16439,first,5511,very,16201,minutes,5417,place,15621,people,5233,very,15670,-,5155,get,15482,called,5295
38,good,12678,us,4195,from,14887,first,5240,me,19959,better,6836,get,20014,first,6990,out,20079,nice,6821,out,19163,first,6466,like,17657,two,6118,just,16494,make,5770,out,16028,two,5459,out,15583,made,5373,out,15536,minutes,5167,get,15237,took,5128,from,15320,always,5257
39,all,12571,bar,4088,get,14833,two,5201,get,19819,first,6814,or,19598,said,6803,very,19748,pretty,6819,very,18817,made,6278,out,17543,nice,6106,We,16489,nice,5704,just,15466,little,5361,get,15182,two,5329,get,14983,restaurant,5044,place,15008,minutes,5107,would,15169,customer,5191
40,from,12427,first,4060,out,14767,restaurant,5124,there,19466,want,6696,our,19368,always,6691,get,19511,think,6580,get,18816,nice,6261,would,17367,staff,6043,get,16306,much,5644,would,15357,minutes,5345,just,14902,took,5185,just,14692,took,5030,just,14558,two,5084,an,14938,know,5136
41,there,12402,still,3978,there,14551,love,4971,from,19104,order,6626,there,19177,better,6585,would,19278,made,6512,would,18477,always,6253,get,17128,know,5890,would,16125,minutes,5575,get,15343,always,5337,would,14889,restaurant,5007,would,14647,two,5002,would,14520,restaurant,4995,very,14860,it.,5100
42,one,12218,two,3874,all,14217,better,4967,if,18654,restaurant,6614,from,19062,restaurant,6578,there,19121,asked,6383,there,17697,staff,6204,from,16528,made,5882,like,16039,always,5530,like,14789,much,5242,like,13982,always,4971,from,13909,wait,4996,from,13873,know,4933,just,14593,-,5094
43,out,12163,restaurant,3799,one,14209,want,4890,good,18644,best,6584,very,19003,best,6506,or,18985,better,6342,or,17524,come,6178,We,16528,always,5785,from,15303,made,5433,from,14554,nice,5230,from,13931,nice,4955,an,13892,know,4928,an,13774,always,4868,their,14287,two,4880
44,if,12042,around,3787,me,14102,try,4738,very,18614,try,6306,would,18719,made,6487,from,18704,want,6331,from,17403,pretty,6102,there,15890,minutes,5521,an,14959,know,5393,an,14221,took,5222,an,13763,much,4930,like,13401,take,4789,like,13718,take,4827,up,13665,give,4863
45,food,11832,better,3784,very,14040,made,4731,our,18476,made,6162,if,18155,told,6417,if,17756,come,6316,an,16714,try,5899,or,15663,restaurant,5485,there,14908,took,5344,there,14055,know,5066,there,13457,take,4926,there,13239,always,4765,there,13329,another,4669,or,13223,still,4763
46,their,11574,come,3658,if,13778,order,4652,about,17990,come,5890,about,18152,want,6407,an,17571,always,6274,if,16505,restaurant,5888,an,15606,took,5481,or,14583,take,5250,or,13720,take,4976,or,13048,little,4909,or,12693,another,4746,all,12893,give,4654,place,13167,took,4723
47,some,11464,see,3633,about,13268,bar,4647,all,17939,take,5872,good,17918,try,6361,about,17426,take,6261,We,16377,took,5813,if,15333,pretty,5475,if,14073,restaurant,5063,one,13356,give,4886,one,12897,know,4863,all,12627,nice,4684,or,12722,nice,4652,all,13091,new,4649
48,can,11184,bit,3611,an,13032,come,4509,one,17832,way,5852,all,17889,way,6172,one,17343,restaurant,6243,one,16276,take,5776,one,14892,try,5463,one,14019,best,5044,if,13286,try,4861,if,12635,give,4768,if,12534,little,4659,if,12471,still,4621,like,12752,minutes,4639
49,really,11084,take,3608,their,12742,still,4478,would,17641,love,5814,one,17888,come,6109,all,17051,try,6172,about,16219,better,5764,about,14782,take,5442,all,13764,chicken,5043,all,13189,restaurant,4781,all,12616,chicken,4753,one,12450,much,4614,one,12366,much,4609,when,12589,2,4625
50,me,10937,try,3555,some,12527,take,4385,an,17171,still,5782,an,17627,take,6011,good,16778,staff,6030,all,16128,want,5720,all,14689,want,5282,their,13688,give,5018,their,12987,chicken,4676,their,12371,another,4742,their,12141,give,4578,time,12354,little,4573,time,12460,another,4530
51,very,10776,way,3550,null,12476,way,4367,their,16810,said,5776,their,17114,asked,5968,their,16681,best,5910,their,15765,think,5647,their,14626,best,5183,good,13607,try,4970,up,12688,another,4670,time,12308,try,4671,time,11960,try,4555,their,12334,wait,4564,They,12434,recommend,4467
52,an,10696,many,3529,up,12317,menu,4351,up,16172,give,5702,up,16307,still,5961,We,16562,give,5870,good,15632,minutes,5622,good,14508,still,5182,about,13431,want,4871,about,12538,want,4592,good,12147,best,4552,up,11824,still,4500,up,12262,chicken,4483,there,12416,&,4447
53,about,10658,ordered,3471,our,12202,say,4256,when,15790,say,5667,when,16005,give,5877,up,16078,still,5743,up,15553,best,5510,up,13998,another,5160,up,13030,another,4843,good,12511,best,4584,up,12106,wait,4539,when,11804,want,4497,when,11938,try,4437,if,12281,want,4405
54,up,10469,made,3456,really,12157,around,4231,really,15752,bar,5485,We,15443,say,5820,when,15636,minutes,5691,when,14847,give,5497,when,13740,give,5149,when,12806,&,4806,time,12417,still,4565,about,11792,still,4520,good,11692,2,4328,back,11700,2,4413,no,12214,much,4364
55,it's,10324,something,3419,would,12142,find,4166,some,15560,around,5468,go,14955,staff,5732,been,14398,took,5680,been,13627,still,5443,time,13143,way,4993,time,12521,still,4716,when,12105,ever,4517,when,11697,want,4493,about,11580,customer,4316,about,11560,best,4408,will,12036,best,4351
56,your,10291,menu,3417,-,12023,bit,4005,go,15106,staff,5393,been,14914,love,5726,go,14260,another,5670,go,13359,way,5385,been,12642,better,4985,will,12181,wait,4633,will,11624,wait,4504,will,11427,2,4421,no,11303,best,4309,no,11447,want,4400,one,12017,try,4317
57,go,10160,lot,3320,when,11983,give,3962,-,14920,menu,5385,really,14865,took,5466,which,13802,way,5636,time,13272,another,5327,will,12309,chicken,4886,been,11880,way,4604,back,11403,2,4389,back,11309,ever,4356,will,11285,chicken,4263,good,11309,customer,4297,back,11487,wait,4303
58,when,9999,came,3301,which,11601,many,3950,been,14563,something,5313,some,14334,menu,5382,time,13745,say,5424,which,13109,love,5096,here,12289,think,4839,back,11806,2,4557,been,11333,way,4376,no,11132,definitely,4206,back,11240,ever,4256,will,11240,ever,4285,about,11466,restaurant,4284
59,-,9943,say,3298,go,11576,definitely,3947,which,14511,find,5243,which,14236,minutes,5366,really,13642,around,5392,here,12774,see,5016,go,12170,wait,4781,go,11560,better,4555,here,11321,new,4301,here,11060,new,4184,service,11034,new,4200,been,11057,definitely,4241,been,11376,nice,4256
60,here,9549,right,3280,your,10861,ever,3929,We,13982,told,5226,only,13747,around,5345,some,13495,love,5381,will,12744,say,5003,back,11954,say,4731,here,11544,ever,4532,no,11157,say,4160,service,10993,way,4173,been,10710,definitely,4171,They,11007,experience,4227,he,10961,little,4244
61,great,9410,staff,3276,here,10835,eat,3902,here,13769,see,5214,It,13486,see,5337,It,13435,chicken,5351,back,12552,chicken,4927,which,11858,ever,4700,no,11336,say,4504,service,11086,better,4137,They,10810,say,4070,They,10662,experience,4171,service,10983,recommend,4191,because,10582,definitely,4205
62,which,9154,definitely,3266,can,10762,see,3863,It,13464,another,5167,what,13452,another,5286,here,13339,see,5200,really,12486,around,4919,no,11562,love,4606,service,11336,pretty,4493,go,10963,experience,4118,been,10626,&,4057,here,10584,&,4070,because,10407,new,4070,she,10438,chicken,4201
63,would,8777,order,3219,been,10626,staff,3850,what,13396,eat,5133,time,13321,chicken,5261,will,13282,menu,5082,no,12373,2,4844,They,11450,2,4577,They,11187,experience,4320,They,10853,&,4062,she,10542,experience,4034,she,10536,way,4023,she,10355,&,4045,your,10396,ever,4192
64,been,8351,ever,3205,only,10290,something,3806,only,13198,asked,5113,-,13304,ever,5255,what,13145,ever,5076,It,12270,new,4828,service,11336,new,4560,which,10845,new,4303,she,10371,pretty,4040,go,10514,customer,4008,because,10203,recommend,3954,go,10301,way,4042,go,10370,see,4111
65,only,8163,can't,3163,It,10120,good.,3794,your,13159,took,5033,here,13184,something,5113,only,12868,2,4972,what,12225,ever,4799,because,11303,&,4508,because,10685,love,4274,because,10263,love,4018,because,9971,called,3945,go,10150,called,3910,here,10226,love,3834,good,10322,call,4098
66,more,8107,well,3140,great,10061,chicken,3776,time,12997,minutes,4965,your,13000,bar,5093,your,12716,something,4868,some,12163,&,4751,only,11301,see,4424,she,10608,see,4256,he,9991,customer,3982,which,9740,recommend,3920,he,9782,say,3903,got,10036,called,3803,them,10252,way,4073
67,has,7990,eat,3064,what,9751,since,3727,can,12743,many,4945,because,12777,2,5059,back,12620,new,4796,only,12085,wait,4722,It,11229,experience,4335,only,10491,think,4227,which,9959,definitely,3977,great,9726,better,3879,got,9759,see,3796,us,9810,see,3778,got,10195,experience,3988
68,what,7971,since,3049,by,9720,well,3681,more,12524,ever,4944,back,12511,eat,5029,-,12370,&,4795,your,11977,since,4534,really,11151,around,4310,great,10352,definitely,4179,great,9945,around,3952,he,9595,around,3849,us,9758,better,3716,he,9786,say,3753,service,9994,say,3916
69,It,7920,every,3013,it's,9611,,,,,,,,,,,,,,,,,,,,,,,,,,,,,,,,,,,,,,,,,,,,,,
,,,,,,,,,,,,,,,,,,,,,,,,,,,,,,,,,,,,,,,,,,,,,,,,,,,,
"The""",3665,by,12505,chicken,4922,will,12469,find,4978,because,12347,since,4789,because,11894,next,4497,what,10991,next,4225,what,10349,around,4151,your,9783,see,3937,got,9584,love,3762,great,9635,good.,3711,This,9537,sure,3683,here,9847,right,3764,,,,,,,
70,don't,7838,give,2972,more,9602,right,3608,because,12241,bit,4900,by,12249,&,4956,no,12332,wait,4786,They,11672,bar,4477,she,10876,sure,4214,he,10302,customer,4012,what,9743,recommend,3909,This,9481,see,3740,This,9603,around,3672,great,9533,better,3603,what,9546,love,3759
71,by,7834,sure,2968,We,9394,sure,3559,don't,11889,good.,4893,no,12232,since,4898,by,12046,many,4767,by,11430,sure,4468,great,10867,good.,4179,your,10278,sure,3964,got,9680,called,3892,us,9450,good.,3726,your,9488,love,3609,which,9527,around,3598,order,9466,sure,3688
72,They,7772,night,2967,time,9317,night,3523,back,11860,&,4860,can,12209,many,4808,great,11856,sure,4745,he,11358,experience,4465,your,10835,menu,4172,It,10262,next,3946,us,9651,good.,3879,your,9449,next,3641,which,9454,next,3586,your,9298,well,3585,even,9379,since,3626
73,also,7675,,,,,,,,,,,,,,,,,,,,,,,,,,,,,,,,,,,,,,,,,,,,,,,,,,
,,,,,,,,,,,,,,,,,,,,,,,,,,,,,,,,,,,,,,,,,,,,,,,,,,,,
"The""",2921,other,8842,&,3505,it's,11818,since,4746,more,12152,last,4786,They,11753,eat,4722,service,11325,right,4448,he,10643,definitely,4170,really,10198,good.,3920,only,9650,sure,3824,only,9361,sure,3565,what,9160,sure,3552,even,9241,good.,3529,This,9315,day,3610,,,
74,time,7472,&,2873,because,8748,said,3480,great,11556,2,4727,got,11539,next,4748,can,11685,next,4694,she,11197,eat,4429,got,10565,since,4090,got,9979,called,3850,It,9631,think,3736,It,9342,friendly,3549,even,8916,table,3503,what,9106,next,3450,only,8998,times,3602
75,our,7421,chicken,2868,don't,8618,can't,3465,no,11543,last,4702,other,11530,good.,4698,more,11571,find,4653,great,11150,many,4397,by,10319,table,4089,even,9688,eat,3841,even,9327,next,3662,what,9315,pretty,3548,only,8881,friendly,3420,only,8872,many,3434,great,8879,around,3564
76,because,7213,good.,2839,They,8438,next,3449,will,11427,sure,4619,great,11526,sure,4672,she,11354,last,4646,more,10952,menu,4388,us,10290,well,4028,us,9663,last,3830,This,9113,last,3656,even,9140,table,3522,It,8875,food.,3414,It,8806,last,3382,us,8784,wanted,3530
77,I'm,7105,selection,2805,back,8375,cheese,3444,other,11419,right,4604,They,11403,wait,4624,got,11275,well,4570,got,10882,find,4385,some,10278,wanted,4015,by,9568,bad,3828,by,8916,well,3655,by,8647,well,3511,by,8768,wanted,3402,them,8780,table,3380,which,8733,car,3486
78,than,7098,new,2754,than,8323,last,3410,got,11259,next,4599,even,11250,bad,4566,service,11174,right,4504,us,10735,well,4374,even,10089,last,3983,This,9325,well,3800,really,8881,wanted,3637,them,8632,food.,3488,them,8724,eat,3396,by,8699,wanted,3361,told,8661,well,3465
79,little,7096,thing,2753,will,8287,took,3371,even,10878,night,4590,don't,11018,bit,4538,other,11156,bar,4490,-,10704,definitely,4363,This,9596,bar,3977,some,9112,table,3791,them,8839,right,3601,really,8579,eat,3488,didn't,8206,right,3366,didn't,8305,times,3354,by,8575,work,3446
80,other,7053,small,2703,has,8274,wait,3344,They,10816,wait,4584,he,10644,well,4536,even,11028,experience,4482,even,10627,good.,4351,more,9549,right,3945,them,9083,recommend,3762,some,8338,since,3537,didn't,8346,last,3471,really,8016,well,3365,told,8080,right,3347,said,8547,last,3356
81,pretty,6586,big,2670,also,7968,lot,3332,than,10816,,,,,,,,,,,,,,,,,,,,,,,,,,,,,,,,,,,,,,,,,,
,,,,,,,,,,,,,,,,,,,,,,,,,,,,,,,,,,,,,,,,,,,,,,,,,,,,
"The""",4571,service,10597,table,4508,he,10994,good.,4472,can,10564,last,4304,can,9417,eat,3931,more,8756,wanted,3757,didn't,8263,eat,3532,My,8207,right,3456,My,7998,many,3344,really,8050,pretty,3344,do,8421,next,3347,,,,,,,,,,,
82,I've,6531,feel,2657,got,7963,another,3330,I'm,10340,well,4548,she,10557,definitely,4503,us,10974,wanted,4455,other,10472,something,4301,other,9300,many,3914,didn't,8714,menu,3749,more,8239,friendly,3529,ordered,8018,wanted,3443,ordered,7748,day,3344,said,7930,day,3329,did,8089,better,3303
83,will,6527,next,2646,I'm,7892,every,3330,service,10218,definitely,4511,than,10497,new,4501,don't,10501,definitely,4439,them,9930,wanted,4250,them,9225,something,3879,My,8597,right,3735,My,8216,many,3514,more,7886,room,3393,told,7707,times,3344,came,7814,3,3301,It,8028,many,3291
84,This,6310,last,2601,I've,7734,small,3290,has,10156,table,4489,it's,10396,right,4444,them,10205,table,4381,don't,9792,table,4216,don't,9110,bad,3850,can,8570,many,3734,other,8064,table,3509,other,7818,many,3352,came,7634,pretty,3325,My,7793,friendly,3243,never,7976,can't,3289
85,even,6300,worth,2588,little,7727,thing,3206,us,10070,bad,4483,us,10387,night,4378,than,10014,bit,4281,This,9699,room,4135,didn't,9068,room,3847,don't,8420,since,3702,ordered,8014,times,3416,came,7690,think,3349,said,7634,last,3310,ordered,7788,room,3241,didn't,7962,need,3190
86,back,6250,place.,2587,no,7716,,,,,,,,,,,,,,,,,,,,,,,,,,,,,,,,,,,,,,,,,,,,,,
,,,,,,,,,,,,,,,,,,,,,,,,,,,,,,,,,,,,,,,,,,,,,,,,,,,,
"I""",3188,This,9624,can't,4412,has,10165,wanted,4340,could,9972,bad,4233,didn't,9500,bad,4118,My,8814,called,3820,other,8402,bar,3662,can,7981,room,3413,some,7679,menu,3314,never,7577,menu,3292,did,7775,eat,3236,her,7928,3,3169,,,,,,,
87,i,6178,wait,2577,even,7699,new,3174,also,9615,small,4311,didn't,9861,experience,4320,This,9922,room,4183,could,9330,called,3965,could,8555,times,3815,ordered,8328,friendly,3619,never,7903,food.,3379,never,7646,bar,3270,more,7565,Great,3254,never,7727,work,3222,ordered,7806,tried,3162
88,always,5968,actually,2576,This,7319,room,3156,didn't,9608,cheese,4252,This,9835,room,4273,has,9706,small,4159,than,9264,small,3948,has,8455,find,3803,could,8225,find,3584,don't,7856,bad,3375,don't,7569,pizza,3249,could,7523,think,3250,do,7553,food.,3215,has,7687,think,3127
89,do,5924,looking,2558,service,7153,worth,3103,I've,9511,experience,4228,I'm,9790,can't,4209,do,9691,night,4069,do,9149,bit,3915,ordered,8433,friendly,3775,never,8122,room,3574,came,7728,menu,3370,did,7529,times,3244,did,7479,bad,3231,more,7487,since,3215,don't,7619,left,3095
90,got,5872,probably,2517,pretty,7037,bad,3099,he,9369,new,4198,could,9665,,,,,,,,,,,,,,,,,,,,,,,,,,,,,,,,,,,,,,
,,,,,,,,,,,,,,,,,,,,,,,,,,,,,,,,,,,,,,,,,,,,,,,,,,,,
"I""",4163,didn't,9684,can't,3941,has,9097,day,3840,never,8419,day,3704,do,8016,food.,3550,could,7601,find,3369,told,7525,since,3236,order,7426,left,3188,after,7422,car,3212,My,7510,find,3082,,,,,,,,,,,,,,,
91,We,5696,room,2514,i,7023,table,3062,could,9277,,,,,,,,,,,,,,,,,,,,,,,,,,,,,,,,,,,,,,,,,,
,,,,,,,,,,,,,,,,,,,,,,,,,,,,,,,,,,,,,,,,,,,,,,,,,,,,
"I""",4154,them,9658,cheese,4132,it's,9380,lot,3932,My,8914,lot,3829,do,8363,recommend,3704,came,7878,day,3550,do,7467,day,3295,said,7488,day,3208,don't,7373,since,3170,could,7395,manager,3211,could,7480,put,3060,,,,,,,,,,,
92,much,5693,lunch,2492,do,6886,looking,3033,do,9253,wanted,4141,also,9577,small,4096,ordered,9350,every,3927,did,8799,night,3805,-,8133,customer,3662,has,7803,times,3505,after,7456,bar,3238,order,7455,bad,3205,some,7356,room,3153,other,7384,left,3195,can,7395,every,3052
93,no,5682,favorite,2476,much,6818,beer,3013,little,9184,lot,4100,do,9565,,,,,,,,,,,,,,,,,,,,,,,,,,,,,,,,,,,,,,
,,,,,,,,,,,,,,,,,,,,,,,,,,,,,,,,,,,,,,,,,,,,,,,,,,,,
"The""",4047,also,9339,tried,3915,ordered,8790,tried,3803,did,8078,tried,3627,did,7752,something,3482,did,7412,3,3221,could,7441,3,3178,after,7350,manager,3148,don't,7373,think,3193,really,7345,pizza,3052,,,,,,,,,,,,,,,
94,people,5555,things,2475,didn't,6600,"good,",2989,them,9045,room,4100,ordered,9241,every,4002,My,9233,times,3889,also,8718,times,3783,came,8052,food.,3625,after,7679,pizza,3479,has,7371,something,3203,after,7413,tried,3156,other,7263,bar,3128,some,7363,menu,3123,more,7267,friendly,3037
95,It's,5402,store,2450,could,6517,asked,2965,ordered,9027,pizza,3988,I've,9213,lot,3999,did,9191,cheese,3861,never,8655,friendly,3674,also,8044,pizza,3577,over,7600,tried,3364,said,7369,work,3183,can,7404,find,3153,do,7228,work,3109,can,7316,tried,3107,after,7252,manager,2989
96,best,5381,cheese,2417,us,6474,pizza,2928,she,8806,every,3983,My,8819,thing,3974,I'm,8832,day,3855,I'm,8432,food.,3660,than,7998,small,3531,also,7530,small,3359,told,7304,every,3172,do,7361,left,3082,can,7212,service.,3108,order,7282,bad,3106,I'm,7202,bad,2958
97,think,5335,,,,,,,,,,,,,,,,,,,,,,,,,,,,,,,,,,,,,,,,,,,,,,,,,,
,,,,,,,,,,,,,,,,,,,,,,,,,,,,,,,,,,,,,,,,,,,,,,,,,,,,
"I""",2414,he,6226,food.,2918,much,8708,thing,3949,never,8770,tried,3973,after,8830,need,3764,came,8320,can't,3652,after,7977,can't,3525,than,7489,3,3358,order,7159,left,3144,her,7293,back.,3041,has,7207,tried,3092,has,7250,bar,3084,other,7108,good.,2911,,,
98,nice,5179,need,2398,ordered,6215,2,2914,My,8507,looking,3921,little,8744,looking,3916,never,8819,friendly,3750,after,8316,every,3644,it's,7812,bit,3506,told,7479,every,3285,her,7140,tried,3141,over,7085,Great,3024,her,7155,3,3084,her,7212,long,3082,also,7066,location,2877
99,too,5120,here.,2393,My,6211,told,2897,pretty,8479,tried,3873,after,8695,actually,3861,over,8512,long,3724,over,8306,left,3583,over,7785,left,3475,order,7413,long,3231,over,7113,car,3134,has,6933,cheese,3012,over,6993,long,3045,over,7118,call,3068,some,6966,everything,2870
100,love,5059,usually,2385,too,6191,place.,2888,went,8334,food.,3864,went,8588,food.,3843,came,8502,food.,3723,it's,8258,long,3570,I'm,7769,night,3459,-,7396,can't,3219,I'm,7053,Great,3120,also,6815,long,3007,I'm,6757,call,3017,also,7029,every,2996,over,6871,service.,2848
